Workbook

Sheet Hypothèses
A1: GREENFLAME — MODÈLE DE PROJECTION ET DE VALORISATION — Hypothèses (cellules bleues = à ajuster)
A2: Modifiez uniquement les valeurs en BLEU (et le tableau JAUNE de la section D). Les deux autres onglets (Projection hebdomadaire, Valorisation) se recalculent automatiquement à partir de ces hypothèses — remplacez-les par vos chiffres réels au fil des semaines pour transformer ce modèle en suivi vivant.
A4: A. Démarrage et croissance du réseau d'utilisateurs (Kingmakers + filleuls)
A5: Utilisateurs actifs à S0 (Kingmakers fondateurs) | B5: 10
A6: Nouveaux utilisateurs ajoutés en S1 (vague des 100 Kingmakers) | B6: 100
A7: Taux de croissance hebdo — S2 à S3 (recrutement des filleuls, 1er cercle) | B7: 1.5
A8: Taux de croissance hebdo — S4 à S6 (poursuite + amorce du 2e cercle) | B8: 0.45
A9: Taux de croissance hebdo — S7 à S9 (rythme de croisière) | B9: 0.19
A11: B. Déploiement des marchands (équipe commerciale terrain)
A12: Marchands actifs à S0 (pilote existant) | B12: 5
A13: Taux de croissance hebdo — S1 à S3 (montée en charge de l'équipe) | B13: 1.35
A14: Taux de croissance hebdo — S4 à S6 (équipe rodée) | B14: 0.32
A15: Taux de croissance hebdo — S7 à S9 (rythme de croisière) | B15: 0.22
A17: C. Hypothèses de comportement transactionnel
A18: Transactions par utilisateur actif et par semaine | B18: 1.2
A19: Transactions par marchand actif et par semaine | B19: 6
A20: Panier moyen par transaction (FCFA) | B20: 3000
A21: Taux de change FCFA → USD (1 USD = … FCFA) | B21: 600
A23: D. Repères de valorisation illustratifs — pré-money en USD (ANCRES DE NÉGOCIATION, pas des résultats de calcul — à ajuster et faire valider)
A24: Jalon | B24: Bas (USD) | C24: Médian (USD) | D24: Haut (USD)
A25: J0 — aujourd'hui | B25: 150000 | C25: 250000 | D25: 500000
A26: S3 | B26: 300000 | C26: 450000 | D26: 700000
A27: S6 | B27: 500000 | C27: 750000 | D27: 1200000
A28: S9 | B28: 800000 | C28: 1300000 | D28: 2000000
A31: 1. Le bond de la semaine 1 (+100 utilisateurs) correspond à la vague de Kingmakers déjà engagés. Les taux de croissance suivants modélisent le recrutement de leurs filleuls (1er cercle), puis un ralentissement progressif typique d'une dynamique de réseau qui mûrit (2e cercle plus lent à se former, base plus large donc taux relatif plus faible).
A32: 2. Les marchands suivent le rythme de montée en charge de l'équipe commerciale terrain : formation initiale, puis cadence de croisière une fois l'équipe rodée (cf. chronogramme de lancement, Phase 2).
A33: 3. Les fréquences de transaction (1,2/utilisateur/semaine, 6/marchand/semaine) sont des hypothèses prudentes pour un tout début d'activité, à remplacer par vos données réelles dès la fin de la première semaine de lancement.
A34: 4. Les repères de valorisation (section D, en jaune) sont des ancres de négociation construites par décomposition qualitative — produit livré, équipe complète, sécurisation juridique, pipeline de distribution déjà engagé — et non des évaluations formelles. Faites-les valider par votre conseiller juridique ou un professionnel de la valorisation avant de les faire figurer dans un contrat d'association ou une discussion investisseur.

Sheet Projection hebdomadaire
A1: GREENFLAME — Projection hebdomadaire S0 → S9 (entièrement calculée à partir de l'onglet Hypothèses)
A2: Toutes les cellules ci-dessous sont des formules. Changez une hypothèse dans l'onglet précédent : toute la projection — et la valorisation associée — se met à jour automatiquement.
A4: Semaine | B4: Repère | C4: Utilisateurs actifs (cumulés) | D4: Marchands actifs (cumulés) | E4: Transactions / semaine | F4: Transactions cumulées (depuis S0) | G4: GMV / semaine (FCFA) | H4: GMV cumulée (FCFA) | I4: GMV cumulée (USD)
A5: S0 | B5: ← J0 (référence pré-lancement) | C5: =Hypothèses!B5 -> 10 | D5: =Hypothèses!B12 -> 5 | E5: =C5*Hypothèses!$B$18+D5*Hypothèses!$B$19 -> 42 | F5: 0 | G5: =E5*Hypothèses!$B$20 -> 126000 | H5: 0 | I5: =H5/Hypothèses!$B$21 -> 0
A6: S1 | C6: =C5+Hypothèses!B6 -> 110 | D6: =D5*(1+Hypothèses!B13) -> 11.75 | E6: =C6*Hypothèses!$B$18+D6*Hypothèses!$B$19 -> 202.5 | F6: =F5+E6 -> 202.5 | G6: =E6*Hypothèses!$B$20 -> 607500 | H6: =H5+G6 -> 607500 | I6: =H6/Hypothèses!$B$21 -> 1012.5
A7: S2 | C7: =C6*(1+Hypothèses!B7) -> 275 | D7: =D6*(1+Hypothèses!B13) -> 27.6125 | E7: =C7*Hypothèses!$B$18+D7*Hypothèses!$B$19 -> 495.675 | F7: =F6+E7 -> 698.175 | G7: =E7*Hypothèses!$B$20 -> 1487025 | H7: =H6+G7 -> 2094525 | I7: =H7/Hypothèses!$B$21 -> 3490.875
A8: S3 | B8: ← Jalon S3 | C8: =C7*(1+Hypothèses!B7) -> 687.5 | D8: =D7*(1+Hypothèses!B13) -> 64.889375 | E8: =C8*Hypothèses!$B$18+D8*Hypothèses!$B$19 -> 1214.3363 | F8: =F7+E8 -> 1912.5113 | G8: =E8*Hypothèses!$B$20 -> 3643008.8 | H8: =H7+G8 -> 5737533.8 | I8: =H8/Hypothèses!$B$21 -> 9562.5562
A9: S4 | C9: =C8*(1+Hypothèses!B8) -> 996.875 | D9: =D8*(1+Hypothèses!B14) -> 85.653975 | E9: =C9*Hypothèses!$B$18+D9*Hypothèses!$B$19 -> 1710.1738 | F9: =F8+E9 -> 3622.6851 | G9: =E9*Hypothèses!$B$20 -> 5130521.5 | H9: =H8+G9 -> 10868055 | I9: =H9/Hypothèses!$B$21 -> 18113.426
A10: S5 | C10: =C9*(1+Hypothèses!B8) -> 1445.4688 | D10: =D9*(1+Hypothèses!B14) -> 113.06325 | E10: =C10*Hypothèses!$B$18+D10*Hypothèses!$B$19 -> 2412.942 | F10: =F9+E10 -> 6035.6271 | G10: =E10*Hypothèses!$B$20 -> 7238825.9 | H10: =H9+G10 -> 18106881 | I10: =H10/Hypothèses!$B$21 -> 30178.135
A11: S6 | B11: ← Jalon S6 | C11: =C10*(1+Hypothèses!B8) -> 2095.9297 | D11: =D10*(1+Hypothèses!B14) -> 149.24349 | E11: =C11*Hypothèses!$B$18+D11*Hypothèses!$B$19 -> 3410.5765 | F11: =F10+E11 -> 9446.2036 | G11: =E11*Hypothèses!$B$20 -> 10231730 | H11: =H10+G11 -> 28338611 | I11: =H11/Hypothèses!$B$21 -> 47231.018
A12: S7 | C12: =C11*(1+Hypothèses!B9) -> 2494.1563 | D12: =D11*(1+Hypothèses!B15) -> 182.07705 | E12: =C12*Hypothèses!$B$18+D12*Hypothèses!$B$19 -> 4085.4499 | F12: =F11+E12 -> 13531.654 | G12: =E12*Hypothèses!$B$20 -> 12256350 | H12: =H11+G12 -> 40594961 | I12: =H12/Hypothèses!$B$21 -> 67658.268
A13: S8 | C13: =C12*(1+Hypothèses!B9) -> 2968.046 | D13: =D12*(1+Hypothèses!B15) -> 222.134 | E13: =C13*Hypothèses!$B$18+D13*Hypothèses!$B$19 -> 4894.4593 | F13: =F12+E13 -> 18426.113 | G13: =E13*Hypothèses!$B$20 -> 14683378 | H13: =H12+G13 -> 55278338 | I13: =H13/Hypothèses!$B$21 -> 92130.564
A14: S9 | B14: ← Jalon S9 | C14: =C13*(1+Hypothèses!B9) -> 3531.9748 | D14: =D13*(1+Hypothèses!B15) -> 271.00349 | E14: =C14*Hypothèses!$B$18+D14*Hypothèses!$B$19 -> 5864.3906 | F14: =F13+E14 -> 24290.503 | G14: =E14*Hypothèses!$B$20 -> 17593172 | H14: =H13+G14 -> 72871510 | I14: =H14/Hypothèses!$B$21 -> 121452.52
A17: Lecture du tableau : « Utilisateurs actifs » et « Marchands actifs » sont des compteurs cumulés (combien sont actifs à un instant donné) ; « Transactions cumulées » et « GMV cumulée » sont des compteurs qui s'additionnent semaine après semaine DEPUIS LE LANCEMENT (S0 sert de référence pré-lancement et n'est pas comptée dans le cumul).

Sheet Valorisation
A1: GREENFLAME — Valorisation par jalon (traction projetée + repères de négociation)
A2: Les colonnes « traction » sont calculées depuis l'onglet Projection. Les colonnes « pré-money » viennent des repères que vous avez fixés dans l'onglet Hypothèses (section D, en jaune) — ce sont des ancres de discussion, pas des verdicts.
A4: Jalon | B4: Repère temporel | C4: Utilisateurs actifs cumulés | D4: Marchands actifs cumulés | E4: Transactions cumulées | F4: GMV cumulée (FCFA) | G4: GMV cumulée (USD) | H4: GMV annualisée (USD) * | I4: Pré-money bas (USD) | J4: Pré-money médian (USD) | K4: Pré-money haut (USD) | L4: Multiple implicite **
A5: J0 — aujourd'hui | B5: Avant lancement | C5: ='Projection hebdomadaire'!C5 -> 10 | D5: ='Projection hebdomadaire'!D5 -> 5 | E5: — | F5: — | G5: — | H5: — | I5: =Hypothèses!B25 -> 150000 | J5: =Hypothèses!C25 -> 250000 | K5: =Hypothèses!D25 -> 500000 | L5: —
A6: S3 — fin du pilote initial | B6: Semaine 3 | C6: ='Projection hebdomadaire'!C8 -> 687.5 | D6: ='Projection hebdomadaire'!D8 -> 64.889375 | E6: ='Projection hebdomadaire'!F8 -> 1912.5113 | F6: ='Projection hebdomadaire'!H8 -> 5737533.8 | G6: ='Projection hebdomadaire'!I8 -> 9562.5562 | H6: =G6*(52/3) -> 165750.98 | I6: =Hypothèses!B26 -> 300000 | J6: =Hypothèses!C26 -> 450000 | K6: =Hypothèses!D26 -> 700000 | L6: =J6/H6 -> 2.7149162
A7: S6 — montée en puissance | B7: Semaine 6 | C7: ='Projection hebdomadaire'!C11 -> 2095.9297 | D7: ='Projection hebdomadaire'!D11 -> 149.24349 | E7: ='Projection hebdomadaire'!F11 -> 9446.2036 | F7: ='Projection hebdomadaire'!H11 -> 28338611 | G7: ='Projection hebdomadaire'!I11 -> 47231.018 | H7: =G7*(52/6) -> 409335.49 | I7: =Hypothèses!B27 -> 500000 | J7: =Hypothèses!C27 -> 750000 | K7: =Hypothèses!D27 -> 1200000 | L7: =J7/H7 -> 1.8322379
A8: S9 — un trimestre d'activité | B8: Semaine 9 | C8: ='Projection hebdomadaire'!C14 -> 3531.9748 | D8: ='Projection hebdomadaire'!D14 -> 271.00349 | E8: ='Projection hebdomadaire'!F14 -> 24290.503 | F8: ='Projection hebdomadaire'!H14 -> 72871510 | G8: ='Projection hebdomadaire'!I14 -> 121452.52 | H8: =G8*(52/9) -> 701725.66 | I8: =Hypothèses!B28 -> 800000 | J8: =Hypothèses!C28 -> 1300000 | K8: =Hypothèses!D28 -> 2000000 | L8: =J8/H8 -> 1.8525758
A11: * GMV annualisée = GMV cumulée × (52 semaines ÷ nombre de semaines écoulées depuis le lancement). Sert uniquement de point de comparaison à un instant T — ce n'est pas une prévision de l'activité sur l'année complète.
A12: ** Multiple implicite = pré-money médian ÷ GMV annualisée. C'est un simple ratio de cohérence : il indique, à titre de recoupement, combien de fois la valorisation médiane représente le rythme d'affaires annualisé observé à ce stade. Les multiples observés sur des plateformes early-stage varient énormément — souvent bien au-delà de 1x, car la valorisation reflète surtout le potentiel futur et non l'activité du moment. Ce ratio sert à vérifier que la fourchette proposée n'est pas déconnectée de la réalité opérationnelle ; il ne sert pas à la déterminer.
A13: Rappel : ces fourchettes de pré-money sont des ancres de négociation construites par décomposition qualitative — à faire valider par un professionnel (conseiller juridique déjà sous contrat, expert-comptable, spécialiste de la valorisation) avant toute intégration dans un contrat d'association ou une discussion investisseur formelle.
